round_epochs,loss,accuracy,val_loss,val_accuracy,dropout1,dropout2,dense,activation,lstm,epoch
3,0.163720041513443,0.9394500851631165,0.21730121970176697,0.9135001301765442,0.1,0.1,10,relu,10,3
5,0.12169215083122253,0.9561322331428528,0.2376626431941986,0.9139378070831299,0.1,0.1,10,relu,10,5
10,0.10515032708644867,0.9628734588623047,0.2891625463962555,0.9083771109580994,0.1,0.1,10,relu,10,10
20,0.07041789591312408,0.9757050275802612,0.38422784209251404,0.9093296527862549,0.1,0.1,10,relu,10,20
3,0.1373853236436844,0.9499205350875854,0.21765735745429993,0.9197044372558594,0.1,0.1,10,relu,50,3
5,0.09189187735319138,0.9674522280693054,0.2636668086051941,0.9135258793830872,0.1,0.1,10,relu,50,5
10,0.0584188774228096,0.980879545211792,0.40277597308158875,0.9124961495399475,0.1,0.1,10,relu,50,10
20,0.045994833111763,0.9841674566268921,0.5446637272834778,0.9086345434188843,0.1,0.1,10,relu,50,20
